{
    "0-9": {
        "gpu": {
            "total_gpu_time_ms": 0.35729059999999996,
            "layer_count": 10
        }
    },
    "10-24": {
        "gpu": {
            "total_gpu_time_ms": 0.14864165000000001,
            "layer_count": 15
        }
    },
    "25-38": {
        "gpu": {
            "total_gpu_time_ms": 0.20438489999999998,
            "layer_count": 14
        }
    },
    "39-52": {
        "gpu": {
            "total_gpu_time_ms": 0.11250628,
            "layer_count": 14
        }
    },
    "53-66": {
        "gpu": {
            "total_gpu_time_ms": 0.12173934,
            "layer_count": 14
        }
    },
    "67-80": {
        "gpu": {
            "total_gpu_time_ms": 0.12487140000000001,
            "layer_count": 14
        }
    },
    "81-94": {
        "gpu": {
            "total_gpu_time_ms": 0.14883545,
            "layer_count": 14
        }
    },
    "95-109": {
        "gpu": {
            "total_gpu_time_ms": 0.19783353999999997,
            "layer_count": 15
        }
    },
    "110-123": {
        "gpu": {
            "total_gpu_time_ms": 0.12698230000000002,
            "layer_count": 14
        }
    },
    "124-140": {
        "gpu": {
            "total_gpu_time_ms": 0.21411756,
            "layer_count": 17
        }
    }
}